{
    "N1": {
        "N3": [
            0
        ],
        "N5": [
            0
        ]
    },
    "N3": {
        "N4": [
            2
        ],
        "N6": [
            2
        ]
    },
    "N4": {
        "N6": [
            3,
            5
        ],
        "N7": [
            [
                1,
                2,
                3,
                4,
                0
            ]
        ]
    },
    "N6": {
        "N2": [
            4,
            5
        ]
    },
    "N2": {
        "N5": [
            1,
            3
        ],
        "N4": [
            1,
            3
        ]
    },
    "N5": {
        "N7": [
            [
                1,
                2,
                3,
                4,
                0
            ]
        ],
        "N3": [
            2,
            4
        ]
    }
}