{
    "email": "vasilaaliyeffa@gmail.com",
    "name": "Vasila",
    "surname": "Aliyeva",
    "elapsedTime": 183.2975516319275,
    "historyOfActions": {
        "isWin": true,
        "1": {
            "action": "go N3",
            "isOkayAction": true,
            "message": "You went to N3",
            "startTime": 1728585118.6334586
        },
        "2": {
            "action": "gain 2",
            "isOkayAction": true,
            "message": "You gained 2 ability.",
            "startTime": 1728585127.0502195
        },
        "3": {
            "action": "go N4",
            "isOkayAction": true,
            "message": "You went to N4",
            "startTime": 1728585144.0080595
        },
        "4": {
            "action": "gain 3",
            "isOkayAction": true,
            "message": "You gained 3 ability.",
            "startTime": 1728585152.6136694
        },
        "5": {
            "action": "go N6",
            "isOkayAction": true,
            "message": "You went to N6",
            "startTime": 1728585159.1957266
        },
        "6": {
            "action": "gain 5",
            "isOkayAction": true,
            "message": "You gained 5 ability.",
            "startTime": 1728585163.9163942
        },
        "7": {
            "action": "go N2",
            "isOkayAction": true,
            "message": "You went to N2",
            "startTime": 1728585177.43974
        },
        "8": {
            "action": "gain 1",
            "isOkayAction": true,
            "message": "You gained 1 ability.",
            "startTime": 1728585185.7781904
        },
        "9": {
            "action": "gain N5",
            "isOkayAction": false,
            "message": "Unexpected Error: invalid literal for int() with base 10: 'N5'",
            "startTime": 1728585195.8978872
        },
        "10": {
            "action": "go N5",
            "isOkayAction": true,
            "message": "You went to N5",
            "startTime": 1728585204.0443382
        },
        "11": {
            "action": "go N3",
            "isOkayAction": true,
            "message": "You went to N3",
            "startTime": 1728585214.5197706
        },
        "12": {
            "action": "go N4",
            "isOkayAction": true,
            "message": "You went to N4",
            "startTime": 1728585219.243257
        },
        "13": {
            "action": "go N6",
            "isOkayAction": true,
            "message": "You went to N6",
            "startTime": 1728585222.7879086
        },
        "14": {
            "action": "go N2",
            "isOkayAction": true,
            "message": "You went to N2",
            "startTime": 1728585232.3477952
        },
        "15": {
            "action": "go N5",
            "isOkayAction": true,
            "message": "You went to N5",
            "startTime": 1728585236.7771122
        },
        "16": {
            "action": "go N3",
            "isOkayAction": true,
            "message": "You went to N3",
            "startTime": 1728585243.5481606
        },
        "17": {
            "action": "go N6",
            "isOkayAction": true,
            "message": "You went to N6",
            "startTime": 1728585249.463544
        },
        "18": {
            "action": "go N2",
            "isOkayAction": true,
            "message": "You went to N2",
            "startTime": 1728585257.275975
        },
        "19": {
            "action": "go n4",
            "isOkayAction": false,
            "message": "You can not go to n4",
            "startTime": 1728585263.8975942
        },
        "20": {
            "action": "go N5",
            "isOkayAction": true,
            "message": "You went to N5",
            "startTime": 1728585270.8796034
        },
        "21": {
            "action": "gain 4",
            "isOkayAction": true,
            "message": "You gained 4 ability.",
            "startTime": 1728585285.870361
        },
        "22": {
            "action": "go N7",
            "isOkayAction": true,
            "message": "You went to N7",
            "startTime": 1728585292.4992738
        }
    }
}