{
    "email": "maharramlikhayal@gmail.com",
    "name": "Khayal",
    "surname": "Maharramli",
    "elapsedTime": 32.63350796699524,
    "historyOfActions": {
        "isWin": true,
        "1": {
            "action": "go N4",
            "isOkayAction": true,
            "message": "You went to N4",
            "startTime": 1728670339.028555
        },
        "2": {
            "action": "gain 3",
            "isOkayAction": true,
            "message": "You gained 3 ability.",
            "startTime": 1728670341.68497
        },
        "3": {
            "action": "go N3",
            "isOkayAction": true,
            "message": "You went to N3",
            "startTime": 1728670344.4050531
        },
        "4": {
            "action": "gain 2",
            "isOkayAction": true,
            "message": "You gained 2 ability.",
            "startTime": 1728670348.2140293
        },
        "5": {
            "action": "go N2",
            "isOkayAction": true,
            "message": "You went to N2",
            "startTime": 1728670351.5438673
        },
        "6": {
            "action": "gain 1",
            "isOkayAction": true,
            "message": "You gained 1 ability.",
            "startTime": 1728670355.750362
        },
        "7": {
            "action": "go N3",
            "isOkayAction": true,
            "message": "You went to N3",
            "startTime": 1728670358.3978527
        },
        "8": {
            "action": "go N2",
            "isOkayAction": true,
            "message": "You went to N2",
            "startTime": 1728670361.6401584
        },
        "9": {
            "action": "go N3",
            "isOkayAction": true,
            "message": "You went to N3",
            "startTime": 1728670364.0125434
        },
        "10": {
            "action": "go N5",
            "isOkayAction": true,
            "message": "You went to N5",
            "startTime": 1728670366.197458
        }
    }
}