{
    "email": "cingizmustafazade2016@gmail.com",
    "name": "Cengiz",
    "surname": "Mustafazade",
    "elapsedTime": 218.41653990745544,
    "historyOfActions": {
        "isWin": true,
        "1": {
            "action": "go N6",
            "isOkayAction": true,
            "message": "You went to N6",
            "startTime": 1728496775.5669742
        },
        "2": {
            "action": "gain 5",
            "isOkayAction": true,
            "message": "You gained 5 ability.",
            "startTime": 1728496782.7668922
        },
        "3": {
            "action": "go N4",
            "isOkayAction": true,
            "message": "You went to N4",
            "startTime": 1728496820.3055573
        },
        "4": {
            "action": "gain 3",
            "isOkayAction": true,
            "message": "You gained 3 ability.",
            "startTime": 1728496847.4810474
        },
        "5": {
            "action": "gain 1",
            "isOkayAction": false,
            "message": "This ability is not available in this room.",
            "startTime": 1728496864.1658707
        },
        "6": {
            "action": "go N3",
            "isOkayAction": true,
            "message": "You went to N3",
            "startTime": 1728496872.2078383
        },
        "7": {
            "action": "gain 2",
            "isOkayAction": true,
            "message": "You gained 2 ability.",
            "startTime": 1728496880.8805788
        },
        "8": {
            "action": "go N9",
            "isOkayAction": true,
            "message": "You went to N9",
            "startTime": 1728496888.3623524
        },
        "9": {
            "action": "go N2",
            "isOkayAction": true,
            "message": "You went to N2",
            "startTime": 1728496901.2123141
        },
        "10": {
            "action": "gain 1",
            "isOkayAction": true,
            "message": "You gained 1 ability.",
            "startTime": 1728496907.7857122
        },
        "11": {
            "action": "go N9",
            "isOkayAction": true,
            "message": "You went to N9",
            "startTime": 1728496913.5495691
        },
        "12": {
            "action": "go N2",
            "isOkayAction": true,
            "message": "You went to N2",
            "startTime": 1728496924.6151438
        },
        "13": {
            "action": "go N5",
            "isOkayAction": true,
            "message": "You went to N5",
            "startTime": 1728496936.3344514
        },
        "14": {
            "action": "gain 4",
            "isOkayAction": true,
            "message": "You gained 4 ability.",
            "startTime": 1728496940.9905443
        },
        "15": {
            "action": "go N8",
            "isOkayAction": true,
            "message": "You went to N8",
            "startTime": 1728496946.8999965
        },
        "16": {
            "action": "go N6",
            "isOkayAction": true,
            "message": "You went to N6",
            "startTime": 1728496951.9780188
        },
        "17": {
            "action": "go N4",
            "isOkayAction": true,
            "message": "You went to N4",
            "startTime": 1728496960.220011
        },
        "18": {
            "action": "go N10",
            "isOkayAction": true,
            "message": "You went to N10",
            "startTime": 1728496969.5345206
        }
    }
}