{
    "email": "sav.ulvi.us@gmail.com",
    "name": "Ulvi",
    "surname": "Shavahatli",
    "elapsedTime": 156.13636875152588,
    "historyOfActions": {
        "isWin": true,
        "1": {
            "action": "go N2",
            "isOkayAction": true,
            "message": "You went to N2",
            "startTime": 1728494753.0277297
        },
        "2": {
            "action": "gain 1",
            "isOkayAction": true,
            "message": "You gained 1 ability.",
            "startTime": 1728494825.4436822
        },
        "3": {
            "action": "go N3",
            "isOkayAction": true,
            "message": "You went to N3",
            "startTime": 1728494844.916402
        }
    }
}