{
    "email": "nurana.aliyeva22@gmail.com",
    "name": "Nurana",
    "surname": "Aliyeva",
    "elapsedTime": 151.7262897491455,
    "historyOfActions": {
        "isWin": true,
        "1": {
            "action": "go N6",
            "isOkayAction": true,
            "message": "You went to N6",
            "startTime": 1728656360.816707
        },
        "2": {
            "action": "gain 5",
            "isOkayAction": true,
            "message": "You gained 5 ability.",
            "startTime": 1728656366.4520478
        },
        "3": {
            "action": "go to N4",
            "isOkayAction": false,
            "message": "You can not go to to",
            "startTime": 1728656379.8173652
        },
        "4": {
            "action": "gain 1",
            "isOkayAction": false,
            "message": "This ability is not available in this room.",
            "startTime": 1728656399.1444554
        },
        "5": {
            "action": "gain 6",
            "isOkayAction": false,
            "message": "This ability is not available in this room.",
            "startTime": 1728656410.5553973
        },
        "6": {
            "action": "go N4",
            "isOkayAction": true,
            "message": "You went to N4",
            "startTime": 1728656416.2401536
        },
        "7": {
            "action": "gain 3",
            "isOkayAction": true,
            "message": "You gained 3 ability.",
            "startTime": 1728656425.0509388
        },
        "8": {
            "action": "go N3",
            "isOkayAction": true,
            "message": "You went to N3",
            "startTime": 1728656430.849033
        },
        "9": {
            "action": "gain 2",
            "isOkayAction": true,
            "message": "You gained 2 ability.",
            "startTime": 1728656435.055338
        },
        "10": {
            "action": "go N9",
            "isOkayAction": true,
            "message": "You went to N9",
            "startTime": 1728656440.45657
        },
        "11": {
            "action": "go N2",
            "isOkayAction": true,
            "message": "You went to N2",
            "startTime": 1728656445.5204654
        },
        "12": {
            "action": "gain 1",
            "isOkayAction": true,
            "message": "You gained 1 ability.",
            "startTime": 1728656449.9278612
        },
        "13": {
            "action": "go N9",
            "isOkayAction": true,
            "message": "You went to N9",
            "startTime": 1728656457.3743682
        },
        "14": {
            "action": "go N2",
            "isOkayAction": true,
            "message": "You went to N2",
            "startTime": 1728656461.4162428
        },
        "15": {
            "action": "Go N5",
            "isOkayAction": false,
            "message": null,
            "startTime": 1728656469.7192922
        },
        "16": {
            "action": "go N5",
            "isOkayAction": true,
            "message": "You went to N5",
            "startTime": 1728656476.4279206
        },
        "17": {
            "action": "gain 4",
            "isOkayAction": true,
            "message": "You gained 4 ability.",
            "startTime": 1728656481.7742832
        },
        "18": {
            "action": "go N8",
            "isOkayAction": true,
            "message": "You went to N8",
            "startTime": 1728656487.3407116
        },
        "19": {
            "action": "go N6",
            "isOkayAction": true,
            "message": "You went to N6",
            "startTime": 1728656492.1277585
        },
        "20": {
            "action": "go N4",
            "isOkayAction": true,
            "message": "You went to N4",
            "startTime": 1728656497.4060311
        },
        "21": {
            "action": "go N10",
            "isOkayAction": true,
            "message": "You went to N10",
            "startTime": 1728656501.9355078
        }
    }
}