{
    "N1": {
        "N6": [
            0
        ],
        "N7": [
            0
        ]
    },
    "N6": {
        "N4": [
            4,
            5,
            6
        ]
    },
    "N4": {
        "N3": [
            1,
            3
        ],
        "N10": [
            [
                1,
                2,
                3,
                4,
                0
            ]
        ]
    },
    "N3": {
        "N5": [
            2,
            5
        ],
        "N9": [
            2
        ]
    },
    "N5": {
        "N7": [
            3,
            4
        ],
        "N8": [
            4
        ]
    },
    "N7": {
        "N8": [
            6
        ],
        "N3": [
            2,
            6
        ]
    },
    "N8": {
        "N2": [
            0,
            5
        ],
        "N6": [
            0,
            3
        ]
    },
    "N2": {
        "N9": [
            1,
            4
        ],
        "N5": [
            1,
            4
        ]
    },
    "N9": {
        "N10": [
            [
                1,
                2,
                3,
                4,
                0
            ]
        ],
        "N2": [
            0,
            3
        ]
    }
}