{
    "email": "f.askerzade@gmail.com",
    "name": "Fidan",
    "surname": "Asgarzade",
    "elapsedTime": 159.68913435935974,
    "historyOfActions": {
        "isWin": true,
        "1": {
            "action": "go N2",
            "isOkayAction": true,
            "message": "You went to N2",
            "startTime": 1728582863.6441011
        },
        "2": {
            "action": "gain 1",
            "isOkayAction": true,
            "message": "You gained 1 ability.",
            "startTime": 1728582879.7309775
        },
        "3": {
            "action": "go N3",
            "isOkayAction": true,
            "message": "You went to N3",
            "startTime": 1728582890.9644623
        }
    }
}