{
    "email": "maharramlikhayal@gmail.com",
    "name": "Khayal",
    "surname": "Maharramli",
    "elapsedTime": 939.446498632431,
    "historyOfActions": {
        "isWin": false,
        "1": {
            "action": "go N3",
            "isOkayAction": true,
            "message": "You went to N3",
            "startTime": 1728583599.765523
        },
        "2": {
            "action": "gain 2",
            "isOkayAction": true,
            "message": "You gained 2 ability.",
            "startTime": 1728583609.278045
        },
        "3": {
            "action": "go N6",
            "isOkayAction": true,
            "message": "You went to N6",
            "startTime": 1728583614.0191638
        },
        "4": {
            "action": "go N5",
            "isOkayAction": false,
            "message": "You can not go to N5",
            "startTime": 1728583619.096524
        },
        "5": {
            "action": "go N5",
            "isOkayAction": false,
            "message": "You can not go to N5",
            "startTime": 1728583627.0467038
        },
        "6": {
            "action": "go N5",
            "isOkayAction": false,
            "message": "You can not go to N5",
            "startTime": 1728583635.501408
        },
        "7": {
            "action": "go N4",
            "isOkayAction": false,
            "message": "You can not go to N4",
            "startTime": 1728583641.3069499
        },
        "8": {
            "action": "go N5",
            "isOkayAction": false,
            "message": "You can not go to N5",
            "startTime": 1728583649.723289
        },
        "9": {
            "action": "4",
            "isOkayAction": false,
            "message": null,
            "startTime": 1728583655.0029514
        },
        "10": {
            "action": "go N5",
            "isOkayAction": false,
            "message": "You can not go to N5",
            "startTime": 1728583663.341121
        },
        "11": {
            "action": "go N2",
            "isOkayAction": false,
            "message": "You can not go to N2",
            "startTime": 1728583668.4149978
        },
        "12": {
            "action": "gain 5",
            "isOkayAction": true,
            "message": "You gained 5 ability.",
            "startTime": 1728583682.3438137
        },
        "13": {
            "action": "gain 2",
            "isOkayAction": false,
            "message": "You already have this.",
            "startTime": 1728583689.2762127
        },
        "14": {
            "action": "go N2",
            "isOkayAction": true,
            "message": "You went to N2",
            "startTime": 1728583696.186961
        },
        "15": {
            "action": "N1",
            "isOkayAction": false,
            "message": null,
            "startTime": 1728583705.945949
        },
        "16": {
            "action": "go N1",
            "isOkayAction": false,
            "message": "You can not go to N1",
            "startTime": 1728583714.5541174
        },
        "17": {
            "action": "1",
            "isOkayAction": false,
            "message": null,
            "startTime": 1728583718.8216457
        },
        "18": {
            "action": "gain 1",
            "isOkayAction": true,
            "message": "You gained 1 ability.",
            "startTime": 1728583726.1569705
        },
        "19": {
            "action": "go to N4",
            "isOkayAction": false,
            "message": "You can not go to to",
            "startTime": 1728583733.5140584
        },
        "20": {
            "action": "go N5",
            "isOkayAction": true,
            "message": "You went to N5",
            "startTime": 1728583738.694424
        },
        "21": {
            "action": "go N3",
            "isOkayAction": true,
            "message": "You went to N3",
            "startTime": 1728583742.8167324
        },
        "22": {
            "action": "go N6",
            "isOkayAction": true,
            "message": "You went to N6",
            "startTime": 1728583748.9567268
        },
        "23": {
            "action": "go to N2",
            "isOkayAction": false,
            "message": "You can not go to to",
            "startTime": 1728583752.7722406
        },
        "24": {
            "action": "go N2",
            "isOkayAction": true,
            "message": "You went to N2",
            "startTime": 1728583755.8604975
        },
        "25": {
            "action": "go N4",
            "isOkayAction": true,
            "message": "You went to N4",
            "startTime": 1728583760.8430247
        },
        "26": {
            "action": "go N6",
            "isOkayAction": true,
            "message": "You went to N6",
            "startTime": 1728583764.8088782
        },
        "27": {
            "action": "go N2",
            "isOkayAction": true,
            "message": "You went to N2",
            "startTime": 1728583768.5949175
        },
        "28": {
            "action": "go N5",
            "isOkayAction": true,
            "message": "You went to N5",
            "startTime": 1728583771.778667
        },
        "29": {
            "action": "go N3",
            "isOkayAction": true,
            "message": "You went to N3",
            "startTime": 1728583776.0478623
        },
        "30": {
            "action": "go N4",
            "isOkayAction": true,
            "message": "You went to N4",
            "startTime": 1728583779.0914829
        },
        "31": {
            "action": "go N6",
            "isOkayAction": true,
            "message": "You went to N6",
            "startTime": 1728583781.8809514
        },
        "32": {
            "action": "go N2",
            "isOkayAction": true,
            "message": "You went to N2",
            "startTime": 1728583784.3697567
        },
        "33": {
            "action": "go N4",
            "isOkayAction": true,
            "message": "You went to N4",
            "startTime": 1728583787.643039
        },
        "34": {
            "action": "go N6",
            "isOkayAction": true,
            "message": "You went to N6",
            "startTime": 1728583790.1493993
        },
        "35": {
            "action": "go N2",
            "isOkayAction": true,
            "message": "You went to N2",
            "startTime": 1728583792.5725682
        },
        "36": {
            "action": "go N5",
            "isOkayAction": true,
            "message": "You went to N5",
            "startTime": 1728583795.2502198
        },
        "37": {
            "action": "go N3",
            "isOkayAction": true,
            "message": "You went to N3",
            "startTime": 1728583797.6345243
        },
        "38": {
            "action": "go N4",
            "isOkayAction": true,
            "message": "You went to N4",
            "startTime": 1728583800.1196516
        },
        "39": {
            "action": "go N6",
            "isOkayAction": true,
            "message": "You went to N6",
            "startTime": 1728583803.6289227
        },
        "40": {
            "action": "go N2",
            "isOkayAction": true,
            "message": "You went to N2",
            "startTime": 1728583805.7740386
        },
        "41": {
            "action": "go N5",
            "isOkayAction": true,
            "message": "You went to N5",
            "startTime": 1728583809.3854795
        },
        "42": {
            "action": "go N3",
            "isOkayAction": true,
            "message": "You went to N3",
            "startTime": 1728583812.7703638
        },
        "43": {
            "action": "go N4",
            "isOkayAction": true,
            "message": "You went to N4",
            "startTime": 1728583815.261982
        },
        "44": {
            "action": "go N6",
            "isOkayAction": true,
            "message": "You went to N6",
            "startTime": 1728583819.7168057
        },
        "45": {
            "action": "go N2",
            "isOkayAction": true,
            "message": "You went to N2",
            "startTime": 1728583823.016623
        },
        "46": {
            "action": "go N5",
            "isOkayAction": true,
            "message": "You went to N5",
            "startTime": 1728583826.231694
        },
        "47": {
            "action": "go N3",
            "isOkayAction": true,
            "message": "You went to N3",
            "startTime": 1728583829.519229
        },
        "48": {
            "action": "go N4",
            "isOkayAction": true,
            "message": "You went to N4",
            "startTime": 1728583831.7417147
        },
        "49": {
            "action": "go N6",
            "isOkayAction": true,
            "message": "You went to N6",
            "startTime": 1728583834.8565793
        },
        "50": {
            "action": "go N2",
            "isOkayAction": true,
            "message": "You went to N2",
            "startTime": 1728583836.9118016
        },
        "51": {
            "action": "go N4",
            "isOkayAction": true,
            "message": "You went to N4",
            "startTime": 1728583840.003018
        },
        "52": {
            "action": "go N6",
            "isOkayAction": true,
            "message": "You went to N6",
            "startTime": 1728583841.9876444
        },
        "53": {
            "action": "go N2",
            "isOkayAction": true,
            "message": "You went to N2",
            "startTime": 1728583843.7898686
        },
        "54": {
            "action": "go N4",
            "isOkayAction": true,
            "message": "You went to N4",
            "startTime": 1728583846.0779219
        },
        "55": {
            "action": "go N6",
            "isOkayAction": true,
            "message": "You went to N6",
            "startTime": 1728583847.9678729
        },
        "56": {
            "action": "go N2",
            "isOkayAction": true,
            "message": "You went to N2",
            "startTime": 1728583850.7835393
        },
        "57": {
            "action": "go N5",
            "isOkayAction": true,
            "message": "You went to N5",
            "startTime": 1728583855.9996295
        },
        "58": {
            "action": "go N3",
            "isOkayAction": true,
            "message": "You went to N3",
            "startTime": 1728583858.0641258
        },
        "59": {
            "action": "Go N4",
            "isOkayAction": false,
            "message": null,
            "startTime": 1728583871.9211626
        },
        "60": {
            "action": "go N6",
            "isOkayAction": true,
            "message": "You went to N6",
            "startTime": 1728583874.448526
        },
        "61": {
            "action": "go N2",
            "isOkayAction": true,
            "message": "You went to N2",
            "startTime": 1728583878.3048246
        },
        "62": {
            "action": "go N4",
            "isOkayAction": true,
            "message": "You went to N4",
            "startTime": 1728583882.9660268
        },
        "63": {
            "action": "go N6",
            "isOkayAction": true,
            "message": "You went to N6",
            "startTime": 1728583885.5271802
        },
        "64": {
            "action": "go N2",
            "isOkayAction": true,
            "message": "You went to N2",
            "startTime": 1728583887.3512897
        },
        "65": {
            "action": "go N5",
            "isOkayAction": true,
            "message": "You went to N5",
            "startTime": 1728583889.3480213
        },
        "66": {
            "action": "go N3",
            "isOkayAction": true,
            "message": "You went to N3",
            "startTime": 1728583892.2888372
        },
        "67": {
            "action": "go N4",
            "isOkayAction": true,
            "message": "You went to N4",
            "startTime": 1728583894.2942917
        },
        "68": {
            "action": "go N6",
            "isOkayAction": true,
            "message": "You went to N6",
            "startTime": 1728583896.8577197
        },
        "69": {
            "action": "go N2",
            "isOkayAction": true,
            "message": "You went to N2",
            "startTime": 1728583899.1175063
        },
        "70": {
            "action": "go N5",
            "isOkayAction": true,
            "message": "You went to N5",
            "startTime": 1728583901.404663
        },
        "71": {
            "action": "go N3",
            "isOkayAction": true,
            "message": "You went to N3",
            "startTime": 1728583904.8026886
        },
        "72": {
            "action": "go N6",
            "isOkayAction": true,
            "message": "You went to N6",
            "startTime": 1728583914.0767415
        },
        "73": {
            "action": "go N2",
            "isOkayAction": true,
            "message": "You went to N2",
            "startTime": 1728583916.0203152
        },
        "74": {
            "action": "go N5",
            "isOkayAction": true,
            "message": "You went to N5",
            "startTime": 1728583918.0275567
        },
        "75": {
            "action": "go N3",
            "isOkayAction": true,
            "message": "You went to N3",
            "startTime": 1728583922.738524
        },
        "76": {
            "action": "go N6",
            "isOkayAction": true,
            "message": "You went to N6",
            "startTime": 1728583925.546595
        },
        "77": {
            "action": "go N2",
            "isOkayAction": true,
            "message": "You went to N2",
            "startTime": 1728583928.7113276
        },
        "78": {
            "action": "go N5",
            "isOkayAction": true,
            "message": "You went to N5",
            "startTime": 1728583931.005991
        },
        "79": {
            "action": "go N3",
            "isOkayAction": true,
            "message": "You went to N3",
            "startTime": 1728583934.2096663
        },
        "80": {
            "action": "go N4",
            "isOkayAction": true,
            "message": "You went to N4",
            "startTime": 1728583936.880675
        },
        "81": {
            "action": "go N6",
            "isOkayAction": true,
            "message": "You went to N6",
            "startTime": 1728583940.0793443
        },
        "82": {
            "action": "go N2",
            "isOkayAction": true,
            "message": "You went to N2",
            "startTime": 1728583942.8870413
        },
        "83": {
            "action": "go N4",
            "isOkayAction": true,
            "message": "You went to N4",
            "startTime": 1728583945.290197
        },
        "84": {
            "action": "go N6",
            "isOkayAction": true,
            "message": "You went to N6",
            "startTime": 1728583947.3076897
        },
        "85": {
            "action": "go N2",
            "isOkayAction": true,
            "message": "You went to N2",
            "startTime": 1728583949.4825575
        },
        "86": {
            "action": "go N5",
            "isOkayAction": true,
            "message": "You went to N5",
            "startTime": 1728583951.9352164
        },
        "87": {
            "action": "go to N3",
            "isOkayAction": false,
            "message": "You can not go to to",
            "startTime": 1728583954.9803727
        },
        "88": {
            "action": "go to N3",
            "isOkayAction": false,
            "message": "You can not go to to",
            "startTime": 1728583959.2584422
        },
        "89": {
            "action": "go to N3",
            "isOkayAction": false,
            "message": "You can not go to to",
            "startTime": 1728583963.058649
        },
        "90": {
            "action": "go N4",
            "isOkayAction": false,
            "message": "You can not go to N4",
            "startTime": 1728583970.8582304
        },
        "91": {
            "action": "go to N3",
            "isOkayAction": false,
            "message": "You can not go to to",
            "startTime": 1728583978.6415422
        },
        "92": {
            "action": "N4",
            "isOkayAction": false,
            "message": null,
            "startTime": 1728583984.4089894
        },
        "93": {
            "action": "N3",
            "isOkayAction": false,
            "message": null,
            "startTime": 1728583989.50488
        },
        "94": {
            "action": "go to N3",
            "isOkayAction": false,
            "message": "You can not go to to",
            "startTime": 1728583992.3602529
        },
        "95": {
            "action": "go N3",
            "isOkayAction": true,
            "message": "You went to N3",
            "startTime": 1728584002.7632365
        },
        "96": {
            "action": "ogo N3",
            "isOkayAction": false,
            "message": null,
            "startTime": 1728584008.1070592
        },
        "97": {
            "action": "go N4",
            "isOkayAction": true,
            "message": "You went to N4",
            "startTime": 1728584011.0648823
        },
        "98": {
            "action": "go N6",
            "isOkayAction": true,
            "message": "You went to N6",
            "startTime": 1728584013.9175777
        },
        "99": {
            "action": "go N2",
            "isOkayAction": true,
            "message": "You went to N2",
            "startTime": 1728584016.201021
        },
        "100": {
            "action": "go N5",
            "isOkayAction": true,
            "message": "You went to N5",
            "startTime": 1728584019.2411253
        },
        "101": {
            "action": "go N3",
            "isOkayAction": true,
            "message": "You went to N3",
            "startTime": 1728584023.241595
        },
        "102": {
            "action": "go N6",
            "isOkayAction": true,
            "message": "You went to N6",
            "startTime": 1728584026.8185043
        },
        "103": {
            "action": "go N2",
            "isOkayAction": true,
            "message": "You went to N2",
            "startTime": 1728584030.3703237
        },
        "104": {
            "action": "go N4",
            "isOkayAction": true,
            "message": "You went to N4",
            "startTime": 1728584033.893738
        },
        "105": {
            "action": "go N6",
            "isOkayAction": true,
            "message": "You went to N6",
            "startTime": 1728584036.9331505
        },
        "106": {
            "action": "go N2",
            "isOkayAction": true,
            "message": "You went to N2",
            "startTime": 1728584039.3022199
        },
        "107": {
            "action": "gain 5",
            "isOkayAction": false,
            "message": "You already have this.",
            "startTime": 1728584047.641697
        },
        "108": {
            "action": "gain 5",
            "isOkayAction": false,
            "message": "You already have this.",
            "startTime": 1728584053.1501963
        },
        "109": {
            "action": "gain 4",
            "isOkayAction": false,
            "message": "This ability is not available in this room.",
            "startTime": 1728584055.6569068
        },
        "110": {
            "action": "go N4",
            "isOkayAction": true,
            "message": "You went to N4",
            "startTime": 1728584068.9150772
        },
        "111": {
            "action": "go to N6",
            "isOkayAction": false,
            "message": "You can not go to to",
            "startTime": 1728584071.807374
        },
        "112": {
            "action": "go to N6",
            "isOkayAction": false,
            "message": "You can not go to to",
            "startTime": 1728584076.20401
        },
        "113": {
            "action": "go to N6",
            "isOkayAction": false,
            "message": "You can not go to to",
            "startTime": 1728584081.923494
        },
        "114": {
            "action": "go N6",
            "isOkayAction": true,
            "message": "You went to N6",
            "startTime": 1728584085.7237182
        },
        "115": {
            "action": "go to N2",
            "isOkayAction": false,
            "message": "You can not go to to",
            "startTime": 1728584089.3879724
        },
        "116": {
            "action": "go to N2",
            "isOkayAction": false,
            "message": "You can not go to to",
            "startTime": 1728584093.2775753
        },
        "117": {
            "action": "go N2",
            "isOkayAction": true,
            "message": "You went to N2",
            "startTime": 1728584097.345463
        },
        "118": {
            "action": "go N5",
            "isOkayAction": true,
            "message": "You went to N5",
            "startTime": 1728584100.5803056
        },
        "119": {
            "action": "go to N3",
            "isOkayAction": false,
            "message": "You can not go to to",
            "startTime": 1728584105.7153113
        },
        "120": {
            "action": "go to N3",
            "isOkayAction": false,
            "message": "You can not go to to",
            "startTime": 1728584113.2141917
        },
        "121": {
            "action": "go N3",
            "isOkayAction": true,
            "message": "You went to N3",
            "startTime": 1728584120.9512072
        },
        "122": {
            "action": "go N4",
            "isOkayAction": true,
            "message": "You went to N4",
            "startTime": 1728584124.7575445
        },
        "123": {
            "action": "go N6",
            "isOkayAction": true,
            "message": "You went to N6",
            "startTime": 1728584129.4184484
        },
        "124": {
            "action": "go to N2",
            "isOkayAction": false,
            "message": "You can not go to to",
            "startTime": 1728584132.1297712
        },
        "125": {
            "action": "N2",
            "isOkayAction": false,
            "message": null,
            "startTime": 1728584137.0035596
        },
        "126": {
            "action": "N2",
            "isOkayAction": false,
            "message": null,
            "startTime": 1728584139.0456731
        },
        "127": {
            "action": "go to N2",
            "isOkayAction": false,
            "message": "You can not go to to",
            "startTime": 1728584142.2117336
        },
        "128": {
            "action": "go N2",
            "isOkayAction": true,
            "message": "You went to N2",
            "startTime": 1728584145.1369436
        },
        "129": {
            "action": "go to N4",
            "isOkayAction": false,
            "message": "You can not go to to",
            "startTime": 1728584149.1702764
        },
        "130": {
            "action": "go N5",
            "isOkayAction": true,
            "message": "You went to N5",
            "startTime": 1728584151.9384303
        },
        "131": {
            "action": "go to N3",
            "isOkayAction": false,
            "message": "You can not go to to",
            "startTime": 1728584157.7240133
        },
        "132": {
            "action": "go N3",
            "isOkayAction": true,
            "message": "You went to N3",
            "startTime": 1728584161.1922133
        },
        "133": {
            "action": "go N4",
            "isOkayAction": true,
            "message": "You went to N4",
            "startTime": 1728584163.934593
        },
        "134": {
            "action": "go N6",
            "isOkayAction": true,
            "message": "You went to N6",
            "startTime": 1728584166.4188118
        },
        "135": {
            "action": "go N2",
            "isOkayAction": true,
            "message": "You went to N2",
            "startTime": 1728584169.2652056
        },
        "136": {
            "action": "go N4",
            "isOkayAction": true,
            "message": "You went to N4",
            "startTime": 1728584171.3967881
        },
        "137": {
            "action": "go N6",
            "isOkayAction": true,
            "message": "You went to N6",
            "startTime": 1728584173.8167825
        },
        "138": {
            "action": "go N2",
            "isOkayAction": true,
            "message": "You went to N2",
            "startTime": 1728584175.961482
        },
        "139": {
            "action": "go N5",
            "isOkayAction": true,
            "message": "You went to N5",
            "startTime": 1728584178.0449638
        },
        "140": {
            "action": "go N3",
            "isOkayAction": true,
            "message": "You went to N3",
            "startTime": 1728584180.2659876
        },
        "141": {
            "action": "go N4",
            "isOkayAction": true,
            "message": "You went to N4",
            "startTime": 1728584182.4204772
        },
        "142": {
            "action": "go N6",
            "isOkayAction": true,
            "message": "You went to N6",
            "startTime": 1728584184.6072788
        },
        "143": {
            "action": "go N2",
            "isOkayAction": true,
            "message": "You went to N2",
            "startTime": 1728584186.5516155
        },
        "144": {
            "action": "go N5",
            "isOkayAction": true,
            "message": "You went to N5",
            "startTime": 1728584188.7097468
        },
        "145": {
            "action": "go N3",
            "isOkayAction": true,
            "message": "You went to N3",
            "startTime": 1728584190.6449714
        },
        "146": {
            "action": "go N6",
            "isOkayAction": true,
            "message": "You went to N6",
            "startTime": 1728584192.7424192
        },
        "147": {
            "action": "go N2",
            "isOkayAction": true,
            "message": "You went to N2",
            "startTime": 1728584194.6237018
        },
        "148": {
            "action": "go N5",
            "isOkayAction": true,
            "message": "You went to N5",
            "startTime": 1728584196.748413
        },
        "149": {
            "action": "go N3",
            "isOkayAction": true,
            "message": "You went to N3",
            "startTime": 1728584198.6417546
        },
        "150": {
            "action": "go N6",
            "isOkayAction": true,
            "message": "You went to N6",
            "startTime": 1728584202.5741992
        },
        "151": {
            "action": "go N2",
            "isOkayAction": true,
            "message": "You went to N2",
            "startTime": 1728584204.5900848
        },
        "152": {
            "action": "go N2",
            "isOkayAction": false,
            "message": "You can not go to N2",
            "startTime": 1728584207.1890378
        },
        "153": {
            "action": "go N5",
            "isOkayAction": true,
            "message": "You went to N5",
            "startTime": 1728584209.7393034
        },
        "154": {
            "action": "go N3",
            "isOkayAction": true,
            "message": "You went to N3",
            "startTime": 1728584213.4805884
        },
        "155": {
            "action": "go N4",
            "isOkayAction": true,
            "message": "You went to N4",
            "startTime": 1728584217.5795245
        },
        "156": {
            "action": "go N6",
            "isOkayAction": true,
            "message": "You went to N6",
            "startTime": 1728584219.7532916
        },
        "157": {
            "action": "go N2",
            "isOkayAction": true,
            "message": "You went to N2",
            "startTime": 1728584221.7000842
        },
        "158": {
            "action": "go N4",
            "isOkayAction": true,
            "message": "You went to N4",
            "startTime": 1728584223.8286166
        },
        "159": {
            "action": "go N6",
            "isOkayAction": true,
            "message": "You went to N6",
            "startTime": 1728584226.0081918
        },
        "160": {
            "action": "go to N2",
            "isOkayAction": false,
            "message": "You can not go to to",
            "startTime": 1728584228.5456038
        },
        "161": {
            "action": "go to N2",
            "isOkayAction": false,
            "message": "You can not go to to",
            "startTime": 1728584230.9593089
        },
        "162": {
            "action": "go to N2",
            "isOkayAction": false,
            "message": "You can not go to to",
            "startTime": 1728584233.5994165
        },
        "163": {
            "action": "go to N2",
            "isOkayAction": false,
            "message": "You can not go to to",
            "startTime": 1728584236.9437375
        },
        "164": {
            "action": "go to N2",
            "isOkayAction": false,
            "message": "You can not go to to",
            "startTime": 1728584239.860572
        },
        "165": {
            "action": "go to N2",
            "isOkayAction": false,
            "message": "You can not go to to",
            "startTime": 1728584242.128918
        },
        "166": {
            "action": "go to N2",
            "isOkayAction": false,
            "message": "You can not go to to",
            "startTime": 1728584248.0180006
        },
        "167": {
            "action": "N2",
            "isOkayAction": false,
            "message": null,
            "startTime": 1728584253.2408965
        },
        "168": {
            "action": "N2",
            "isOkayAction": false,
            "message": null,
            "startTime": 1728584256.4042902
        },
        "169": {
            "action": "N2",
            "isOkayAction": false,
            "message": null,
            "startTime": 1728584259.3484905
        },
        "170": {
            "action": "N4",
            "isOkayAction": false,
            "message": null,
            "startTime": 1728584262.957743
        },
        "171": {
            "action": "go N2",
            "isOkayAction": true,
            "message": "You went to N2",
            "startTime": 1728584266.5966153
        },
        "172": {
            "action": "go N5",
            "isOkayAction": true,
            "message": "You went to N5",
            "startTime": 1728584270.9179711
        },
        "173": {
            "action": "go N3",
            "isOkayAction": true,
            "message": "You went to N3",
            "startTime": 1728584273.1549504
        },
        "174": {
            "action": "go N4",
            "isOkayAction": true,
            "message": "You went to N4",
            "startTime": 1728584276.6437125
        },
        "175": {
            "action": "gain 3",
            "isOkayAction": true,
            "message": "You gained 3 ability.",
            "startTime": 1728584283.9021883
        },
        "176": {
            "action": "go N6",
            "isOkayAction": true,
            "message": "You went to N6",
            "startTime": 1728584287.1040123
        },
        "177": {
            "action": "N2",
            "isOkayAction": false,
            "message": null,
            "startTime": 1728584290.7484734
        },
        "178": {
            "action": "N2",
            "isOkayAction": false,
            "message": null,
            "startTime": 1728584293.3706071
        },
        "179": {
            "action": "go N2",
            "isOkayAction": true,
            "message": "You went to N2",
            "startTime": 1728584295.6114256
        },
        "180": {
            "action": "go N4",
            "isOkayAction": true,
            "message": "You went to N4",
            "startTime": 1728584299.4513845
        },
        "181": {
            "action": "N6",
            "isOkayAction": false,
            "message": null,
            "startTime": 1728584301.5969446
        },
        "182": {
            "action": "go N6",
            "isOkayAction": true,
            "message": "You went to N6",
            "startTime": 1728584304.2905655
        },
        "183": {
            "action": "go N2",
            "isOkayAction": true,
            "message": "You went to N2",
            "startTime": 1728584306.8976965
        },
        "184": {
            "action": "go N5",
            "isOkayAction": true,
            "message": "You went to N5",
            "startTime": 1728584309.0613985
        },
        "185": {
            "action": "go N3",
            "isOkayAction": true,
            "message": "You went to N3",
            "startTime": 1728584311.626047
        },
        "186": {
            "action": "go N6",
            "isOkayAction": true,
            "message": "You went to N6",
            "startTime": 1728584313.8266597
        },
        "187": {
            "action": "go N2",
            "isOkayAction": true,
            "message": "You went to N2",
            "startTime": 1728584316.5222383
        },
        "188": {
            "action": "go N4",
            "isOkayAction": true,
            "message": "You went to N4",
            "startTime": 1728584319.0564165
        },
        "189": {
            "action": "go N6",
            "isOkayAction": true,
            "message": "You went to N6",
            "startTime": 1728584323.208825
        },
        "190": {
            "action": "go N2",
            "isOkayAction": true,
            "message": "You went to N2",
            "startTime": 1728584325.2302346
        },
        "191": {
            "action": "go N5",
            "isOkayAction": true,
            "message": "You went to N5",
            "startTime": 1728584328.0615885
        },
        "192": {
            "action": "go N3",
            "isOkayAction": true,
            "message": "You went to N3",
            "startTime": 1728584333.9196403
        },
        "193": {
            "action": "go N4",
            "isOkayAction": true,
            "message": "You went to N4",
            "startTime": 1728584336.2002077
        },
        "194": {
            "action": "go N6",
            "isOkayAction": true,
            "message": "You went to N6",
            "startTime": 1728584340.131716
        },
        "195": {
            "action": "go N2",
            "isOkayAction": true,
            "message": "You went to N2",
            "startTime": 1728584342.1606202
        },
        "196": {
            "action": "go N4",
            "isOkayAction": true,
            "message": "You went to N4",
            "startTime": 1728584345.9634795
        },
        "197": {
            "action": "go N6",
            "isOkayAction": true,
            "message": "You went to N6",
            "startTime": 1728584348.1328962
        },
        "198": {
            "action": "go N2",
            "isOkayAction": true,
            "message": "You went to N2",
            "startTime": 1728584350.1809847
        },
        "199": {
            "action": "go N4",
            "isOkayAction": true,
            "message": "You went to N4",
            "startTime": 1728584352.5376775
        },
        "200": {
            "action": "go N6",
            "isOkayAction": true,
            "message": "You went to N6",
            "startTime": 1728584355.6565416
        },
        "201": {
            "action": "go N2",
            "isOkayAction": true,
            "message": "You went to N2",
            "startTime": 1728584357.9005044
        },
        "202": {
            "action": "go N4",
            "isOkayAction": true,
            "message": "You went to N4",
            "startTime": 1728584360.0668085
        },
        "203": {
            "action": "go N6",
            "isOkayAction": true,
            "message": "You went to N6",
            "startTime": 1728584362.1867425
        },
        "204": {
            "action": "go N2",
            "isOkayAction": true,
            "message": "You went to N2",
            "startTime": 1728584365.3678863
        },
        "205": {
            "action": "go N5",
            "isOkayAction": true,
            "message": "You went to N5",
            "startTime": 1728584368.2600338
        },
        "206": {
            "action": "go N3",
            "isOkayAction": true,
            "message": "You went to N3",
            "startTime": 1728584375.3956275
        },
        "207": {
            "action": "go N6",
            "isOkayAction": true,
            "message": "You went to N6",
            "startTime": 1728584378.0495436
        },
        "208": {
            "action": "go N2",
            "isOkayAction": true,
            "message": "You went to N2",
            "startTime": 1728584380.7554035
        },
        "209": {
            "action": "go N4",
            "isOkayAction": true,
            "message": "You went to N4",
            "startTime": 1728584382.7649462
        },
        "210": {
            "action": "go N6",
            "isOkayAction": true,
            "message": "You went to N6",
            "startTime": 1728584384.7228343
        },
        "211": {
            "action": "go N2",
            "isOkayAction": true,
            "message": "You went to N2",
            "startTime": 1728584386.553874
        },
        "212": {
            "action": "go N4",
            "isOkayAction": true,
            "message": "You went to N4",
            "startTime": 1728584388.5044963
        },
        "213": {
            "action": "go N6",
            "isOkayAction": true,
            "message": "You went to N6",
            "startTime": 1728584390.4898276
        },
        "214": {
            "action": "go N2",
            "isOkayAction": true,
            "message": "You went to N2",
            "startTime": 1728584392.322774
        },
        "215": {
            "action": "go N5",
            "isOkayAction": true,
            "message": "You went to N5",
            "startTime": 1728584394.4499946
        },
        "216": {
            "action": "go N3",
            "isOkayAction": true,
            "message": "You went to N3",
            "startTime": 1728584396.549015
        },
        "217": {
            "action": "go N4",
            "isOkayAction": true,
            "message": "You went to N4",
            "startTime": 1728584398.7444682
        },
        "218": {
            "action": "go N6",
            "isOkayAction": true,
            "message": "You went to N6",
            "startTime": 1728584400.7167883
        },
        "219": {
            "action": "go N2",
            "isOkayAction": true,
            "message": "You went to N2",
            "startTime": 1728584404.3354023
        },
        "220": {
            "action": "go N4",
            "isOkayAction": true,
            "message": "You went to N4",
            "startTime": 1728584406.2158237
        },
        "221": {
            "action": "go N6",
            "isOkayAction": true,
            "message": "You went to N6",
            "startTime": 1728584408.4446597
        },
        "222": {
            "action": "go N2",
            "isOkayAction": true,
            "message": "You went to N2",
            "startTime": 1728584410.4591963
        },
        "223": {
            "action": "go N4",
            "isOkayAction": true,
            "message": "You went to N4",
            "startTime": 1728584412.8080416
        },
        "224": {
            "action": "go N6",
            "isOkayAction": true,
            "message": "You went to N6",
            "startTime": 1728584416.3270807
        },
        "225": {
            "action": "go N2",
            "isOkayAction": true,
            "message": "You went to N2",
            "startTime": 1728584419.443768
        },
        "226": {
            "action": "go N5",
            "isOkayAction": true,
            "message": "You went to N5",
            "startTime": 1728584422.9788167
        },
        "227": {
            "action": "go N3",
            "isOkayAction": true,
            "message": "You went to N3",
            "startTime": 1728584428.333679
        },
        "228": {
            "action": "go N4",
            "isOkayAction": true,
            "message": "You went to N4",
            "startTime": 1728584430.8035095
        },
        "229": {
            "action": "go N6",
            "isOkayAction": true,
            "message": "You went to N6",
            "startTime": 1728584433.4882233
        },
        "230": {
            "action": "go N2",
            "isOkayAction": true,
            "message": "You went to N2",
            "startTime": 1728584436.0423157
        },
        "231": {
            "action": "go N5",
            "isOkayAction": true,
            "message": "You went to N5",
            "startTime": 1728584438.1818523
        },
        "232": {
            "action": "go N3",
            "isOkayAction": true,
            "message": "You went to N3",
            "startTime": 1728584440.9216208
        },
        "233": {
            "action": "go N4",
            "isOkayAction": true,
            "message": "You went to N4",
            "startTime": 1728584442.8752916
        },
        "234": {
            "action": "go N6",
            "isOkayAction": true,
            "message": "You went to N6",
            "startTime": 1728584445.0320032
        },
        "235": {
            "action": "go N2",
            "isOkayAction": true,
            "message": "You went to N2",
            "startTime": 1728584447.386719
        },
        "236": {
            "action": "go N5",
            "isOkayAction": true,
            "message": "You went to N5",
            "startTime": 1728584449.3217487
        },
        "237": {
            "action": "go N3",
            "isOkayAction": true,
            "message": "You went to N3",
            "startTime": 1728584451.543542
        },
        "238": {
            "action": "go N4",
            "isOkayAction": true,
            "message": "You went to N4",
            "startTime": 1728584453.734771
        },
        "239": {
            "action": "go N6",
            "isOkayAction": true,
            "message": "You went to N6",
            "startTime": 1728584456.0485175
        },
        "240": {
            "action": "go to N2",
            "isOkayAction": false,
            "message": "You can not go to to",
            "startTime": 1728584488.1166797
        },
        "241": {
            "action": "go to N2",
            "isOkayAction": false,
            "message": "You can not go to to",
            "startTime": 1728584490.3385482
        },
        "242": {
            "action": "go to N2",
            "isOkayAction": false,
            "message": "You can not go to to",
            "startTime": 1728584492.8810322
        },
        "243": {
            "action": "go to N2",
            "isOkayAction": false,
            "message": "You can not go to to",
            "startTime": 1728584496.9990559
        },
        "244": {
            "action": "gain 2",
            "isOkayAction": false,
            "message": "You already have this.",
            "startTime": 1728584503.7008338
        },
        "245": {
            "action": "go N2",
            "isOkayAction": true,
            "message": "You went to N2",
            "startTime": 1728584506.6765132
        },
        "246": {
            "action": "go to N4",
            "isOkayAction": false,
            "message": "You can not go to to",
            "startTime": 1728584509.1166842
        },
        "247": {
            "action": "quit",
            "isOkayAction": false,
            "message": null,
            "startTime": 1728584527.8030744
        }
    }
}