{
    "N1": {
        "N4": [
            0
        ],
        "N2": [
            0
        ]
    },
    "N4": {
        "N2": [
            3
        ],
        "N3": [
            3
        ]
    },
    "N2": {
        "N3": [
            1
        ],
        "N4": [
            1
        ],
        "N5": [
            [
                1,
                2,
                3,
                0
            ]
        ]
    },
    "N3": {
        "N5": [
            [
                1,
                2,
                3,
                0
            ]
        ],
        "N2": [
            2
        ]
    }
}