{
    "email": "f.askerzade@gmail.com",
    "name": "Fidan",
    "surname": "Asgarzade",
    "elapsedTime": 375.4286105632782,
    "historyOfActions": {
        "isWin": true,
        "1": {
            "action": "go N4",
            "isOkayAction": true,
            "message": "You went to N4",
            "startTime": 1728582913.3704698
        },
        "2": {
            "action": "gain 3",
            "isOkayAction": true,
            "message": "You gained 3 ability.",
            "startTime": 1728582933.917189
        },
        "3": {
            "action": "gain 1",
            "isOkayAction": false,
            "message": "This ability is not available in this room.",
            "startTime": 1728583047.7236743
        },
        "4": {
            "action": "go N3",
            "isOkayAction": true,
            "message": "You went to N3",
            "startTime": 1728583056.4649923
        },
        "5": {
            "action": "gain 2",
            "isOkayAction": true,
            "message": "You gained 2 ability.",
            "startTime": 1728583086.6362417
        },
        "6": {
            "action": "go N2",
            "isOkayAction": true,
            "message": "You went to N2",
            "startTime": 1728583105.3972943
        },
        "7": {
            "action": "gain 1",
            "isOkayAction": true,
            "message": "You gained 1 ability.",
            "startTime": 1728583228.806162
        },
        "8": {
            "action": "go N1",
            "isOkayAction": false,
            "message": "You can not go to N1",
            "startTime": 1728583237.5205543
        },
        "9": {
            "action": "go N3",
            "isOkayAction": true,
            "message": "You went to N3",
            "startTime": 1728583247.341888
        },
        "10": {
            "action": "go N2",
            "isOkayAction": true,
            "message": "You went to N2",
            "startTime": 1728583260.1144586
        },
        "11": {
            "action": "go N5",
            "isOkayAction": true,
            "message": "You went to N5",
            "startTime": 1728583270.906066
        }
    }
}