{
    "email": "f.askerzade@gmail.com",
    "name": "Fidan",
    "surname": "Asgarzade",
    "elapsedTime": 79.12153744697571,
    "historyOfActions": {
        "isWin": true,
        "1": {
            "action": "go N3",
            "isOkayAction": true,
            "message": "You went to N3",
            "startTime": 1728585090.885507
        },
        "2": {
            "action": "gain 2",
            "isOkayAction": true,
            "message": "You gained 2 ability.",
            "startTime": 1728585097.6426647
        },
        "3": {
            "action": "go N6",
            "isOkayAction": true,
            "message": "You went to N6",
            "startTime": 1728585102.6728163
        },
        "4": {
            "action": "gain 5",
            "isOkayAction": true,
            "message": "You gained 5 ability.",
            "startTime": 1728585107.9740207
        },
        "5": {
            "action": "go N2",
            "isOkayAction": true,
            "message": "You went to N2",
            "startTime": 1728585116.927989
        },
        "6": {
            "action": "gain 1",
            "isOkayAction": true,
            "message": "You gained 1 ability.",
            "startTime": 1728585120.8004625
        },
        "7": {
            "action": "go N4",
            "isOkayAction": true,
            "message": "You went to N4",
            "startTime": 1728585129.9175408
        },
        "8": {
            "action": "gain 3",
            "isOkayAction": true,
            "message": "You gained 3 ability.",
            "startTime": 1728585133.6893911
        },
        "9": {
            "action": "go N6",
            "isOkayAction": true,
            "message": "You went to N6",
            "startTime": 1728585138.9984174
        },
        "10": {
            "action": "go N2",
            "isOkayAction": true,
            "message": "You went to N2",
            "startTime": 1728585144.3767874
        },
        "11": {
            "action": "go N5",
            "isOkayAction": true,
            "message": "You went to N5",
            "startTime": 1728585148.9804595
        },
        "12": {
            "action": "gain 4",
            "isOkayAction": true,
            "message": "You gained 4 ability.",
            "startTime": 1728585152.5489633
        },
        "13": {
            "action": "go N7",
            "isOkayAction": true,
            "message": "You went to N7",
            "startTime": 1728585162.6982012
        }
    }
}